{
   "library" : {
      "annotation" : [ {
         "translatorOptions" : "",
         "type" : "CqlToElmInfo"
      } ],
      "identifier" : {
         "id" : "ChronicPainConcepts",
         "version" : "2.0.0"
      },
      "schemaIdentifier" : {
         "id" : "urn:hl7-org:elm",
         "version" : "r1"
      },
      "usings" : {
         "def" : [ {
            "localIdentifier" : "System",
            "uri" : "urn:hl7-org:elm-types:r1"
         } ]
      },
      "valueSets" : {
         "def" : [ {
            "name" : "Conditions associated with chronic pain",
            "id" : "http://cts.nlm.nih.gov/fhir/ValueSet/2.16.840.1.113762.1.4.1021.95",
            "accessLevel" : "Public"
         }, {
            "name" : "Opioid Pain Medications",
            "id" : "http://fhir.org/guides/cdc/opioid-cds/ValueSet/opioids",
            "accessLevel" : "Public"
         }, {
            "name" : "Adjuvant Analgesic Medications",
            "id" : "http://fhir.org/guides/cqf/cds4cpm/ValueSet/empty",
            "accessLevel" : "Public"
         }, {
            "name" : "Major Depression",
            "id" : "http://cts.nlm.nih.gov/fhir/ValueSet/2.16.840.1.113883.3.464.1003.105.12.1007",
            "accessLevel" : "Public"
         }, {
            "name" : "Depression Diagnosis ICD9",
            "id" : "http://fhir.org/guides/cqf/cds4cpm/ValueSet/empty",
            "accessLevel" : "Public"
         }, {
            "name" : "Anxiety",
            "id" : "http://cts.nlm.nih.gov/fhir/ValueSet/2.16.840.1.113762.1.4.1021.94",
            "accessLevel" : "Public"
         }, {
            "name" : "Anxiety Disorders ICD9",
            "id" : "http://fhir.org/guides/cqf/cds4cpm/ValueSet/empty",
            "accessLevel" : "Public"
         }, {
            "name" : "Substance use disorder",
            "id" : "http://fhir.org/guides/cqf/cds4cpm/ValueSet/empty",
            "accessLevel" : "Public"
         }, {
            "name" : "Substance Abuse",
            "id" : "http://fhir.org/guides/cdc/opioid-cds/ValueSet/substance-abuse",
            "accessLevel" : "Public"
         }, {
            "name" : "Suicide Attempt",
            "id" : "http://fhir.org/guides/cqf/cds4cpm/ValueSet/empty",
            "accessLevel" : "Public"
         }, {
            "name" : "Sleep-disordered breathing",
            "id" : "http://cts.nlm.nih.gov/fhir/ValueSet/2.16.840.1.113762.1.4.1021.93",
            "accessLevel" : "Public"
         }, {
            "name" : "Kidney Failure",
            "id" : "http://cts.nlm.nih.gov/fhir/ValueSet/2.16.840.1.113883.3.464.1003.109.12.1028",
            "accessLevel" : "Public"
         }, {
            "name" : "Chronic Liver Disease",
            "id" : "http://cts.nlm.nih.gov/fhir/ValueSet/2.16.840.1.113883.3.464.1003.199.12.1035",
            "accessLevel" : "Public"
         }, {
            "name" : "Liver Disease",
            "id" : "http://cts.nlm.nih.gov/fhir/ValueSet/2.16.840.1.113762.1.4.1047.42",
            "accessLevel" : "Public"
         }, {
            "name" : "Pregnancy",
            "id" : "http://cts.nlm.nih.gov/fhir/ValueSet/2.16.840.1.113883.3.526.3.378",
            "accessLevel" : "Public"
         }, {
            "name" : "Pregnancy (New ICD10 codes published in 2018 or later)",
            "id" : "http://cts.nlm.nih.gov/fhir/ValueSet/2.16.840.1.113762.1.4.1021.74",
            "accessLevel" : "Public"
         }, {
            "name" : "Non opioid pain medications",
            "id" : "http://cts.nlm.nih.gov/fhir/ValueSet/2.16.840.1.113762.1.4.1021.73",
            "accessLevel" : "Public"
         }, {
            "name" : "Non pharmacologic treatments for chronic pain",
            "id" : "http://fhir.org/guides/cqf/cds4cpm/ValueSet/empty",
            "accessLevel" : "Public"
         }, {
            "name" : "Risk assessments relevant to pain management",
            "id" : "http://fhir.org/guides/cqf/cds4cpm/ValueSet/empty",
            "accessLevel" : "Public"
         }, {
            "name" : "Benzodiazepine medications",
            "id" : "http://fhir.org/guides/cdc/opioid-cds/ValueSet/benzodiazepine-medications",
            "accessLevel" : "Public"
         }, {
            "name" : "Naloxone medications",
            "id" : "http://fhir.org/guides/cdc/opioid-cds/ValueSet/naloxone-medications",
            "accessLevel" : "Public"
         }, {
            "name" : "Urine drug screen for pain management",
            "id" : "http://fhir.org/guides/cdc/opioid-cds/ValueSet/drug-urine-screening",
            "accessLevel" : "Public"
         }, {
            "name" : "Stool softeners and laxatives",
            "id" : "http://fhir.org/guides/cqf/cds4cpm/ValueSet/empty",
            "accessLevel" : "Public"
         } ]
      }
   }
}

