{
   "library" : {
      "annotation" : [ {
         "translatorOptions" : "",
         "type" : "CqlToElmInfo"
      } ],
      "identifier" : {
         "id" : "PainManagerAllTests"
      },
      "schemaIdentifier" : {
         "id" : "urn:hl7-org:elm",
         "version" : "r1"
      },
      "usings" : {
         "def" : [ {
            "localIdentifier" : "System",
            "uri" : "urn:hl7-org:elm-types:r1"
         }, {
            "localIdentifier" : "FHIR",
            "uri" : "http://hl7.org/fhir",
            "version" : "4.0.1"
         } ]
      },
      "includes" : {
         "def" : [ {
            "localIdentifier" : "PMA",
            "path" : "PainManagerAll"
         }, {
            "localIdentifier" : "MMECalculator",
            "path" : "MMECalculator",
            "version" : "3.0.0"
         } ]
      },
      "statements" : {
         "def" : [ {
            "name" : "Test1",
            "context" : "Patient",
            "accessLevel" : "Public",
            "expression" : {
               "name" : "Summary",
               "libraryName" : "PMA",
               "type" : "ExpressionRef"
            }
         } ]
      }
   }
}

