{
  "resourceType": "Bundle",
  "id": "mr_ford",
  "type": "transaction",
  "entry": [
      {
          "resource":{
          "resourceType":"Patient",
          "id": "d68463ce-3cad-4309-a271-e2860694ede7",
          "name":[
              {
                  "given":[
                      "Mr"
                  ],
                  "family": "Ford"
              }
          ],
          "gender": "male",
          "_birthDate": {
              "extension": [
                  {
                      "url": "http://hl7.org/fhir/StructureDefinition/cqf-expression",
                      "valueExpression": {
                          "language": "text/cql",
                          "expression": "Today() - 42 years"
                      }
                  }
              ]
          }
        },
        "request": {
          "method": "PUT",
          "url": "Patient/d68463ce-3cad-4309-a271-e2860694ede7"
        }
      },
      {
          "resource":{
            "resourceType": "Condition",
            "id": "7a6c9efd-3421-40e9-8f41-27de23675d15",
            "meta": {
              "profile": [
                "http://hl7.org/fhir/us/core/StructureDefinition/us-core-condition"
              ]
            },
            "verificationStatus": {
              "coding": [
                {
                  "system": "http://terminology.hl7.org/CodeSystem/condition-ver-status",
                  "code": "confirmed",
                  "display": "Confirmed"
                }
              ]
            },
            "category": [
              {
                "coding": [
                  {
                    "system": "http://terminology.hl7.org/CodeSystem/condition-category",
                    "code": "encounter-diagnosis",
                    "display": "Encounter Diagnosis"
                  }
                ]
              }
            ],
            "code": {
                "coding": [
                  {
                    "system": "http://hl7.org/fhir/sid/icd-10-cm",
                    "code": "M54.5",
                    "display": "Low back pain"
                  }
                ],
                "text": "Low back pain"
           },
            "subject": {
                "reference": "Patient/d68463ce-3cad-4309-a271-e2860694ede7"
            }
        },
        "request": {
            "method": "PUT",
            "url": "Condition/7a6c9efd-3421-40e9-8f41-27de23675d15"
        }
    },
        {
          "resource":{
            "resourceType": "QuestionnaireResponse",
            "id": "e16fbbfe-b150-452d-8899-0603598c6c16",
            "reference": "Patient/d68463ce-3cad-4309-a271-e2860694ede7",
            "meta": {
              "versionId": "1",
              "lastUpdated": "2020-07-13T19:15:58.761+00:00",
              "profile": [
                "http://hl7.org/fhir/uv/sdc/StructureDefinition/sdc-questionnaire|2.7"
              ],
              "tag": [
                {
                  "code": "lformsVersion: 23.0.0"
                }
              ]
            },
            "title": "MyPain Questionnaire",
            "status": "completed",
            "item": [
              {
                "linkId": "1",
                "text": "Please describe the location(s) of any pain you have had in the past 7 days (e.g., lower back and left hip):",
                "type": "text"
              },
              {
                "linkId": "2",
                "text": "In the  past 7 days -  How intense was your pain at its worst?",
                "type": "choice",
                "answerOption": [
                  {
                    "valueCoding": {
                      "system": "http://rti.com/fhir/rti/CodeSystem/mypain-questionnaireResponse",
                      "code": "mpqr-1005",
                      "display": "Moderate"
                    }
                  }
                ]
              },
              {
                "linkId": "3",
                "text": "How intense was your average pain?",
                "type": "choice",
                "answerOption": [
                  {
                    "valueCoding": {
                      "system": "http://rti.com/fhir/rti/CodeSystem/mypain-questionnaireResponse",
                      "code": "mpqr-1005",
                      "display": "Moderate"
                    }
                 }
                ]
              },
              {
                "linkId": "4",
                "text": "What is your level of pain right now?",
                "type": "choice",
                "answerOption": [
                  {
                    "valueCoding": {
                      "system": "http://rti.com/fhir/rti/CodeSystem/mypain-questionnaireResponse",
                      "code": "mpqr-1005",
                      "display": "Moderate"
                    }
                  }
                ]
              },
              {
                "linkId": "5",
                "prefix": "In the past 7 days:",
                "text": "How much did pain interfere with your day to day activities?",
                "type": "choice",
                "answerOption": [
                  {
                    "valueCoding": {
                      "system": "http://rti.com/fhir/rti/CodeSystem/mypain-questionnaireResponse",
                      "code": "mpqr-1011",
                      "display": "Quite a bit"
                    }
                  }
                ]
              },
              {
                "linkId": "6",
                "prefix": "In the past 7 days:",
                "text": "How much did pain interfere with your work?",
                "type": "choice",
                "answerOption": [
                  
                  {
                    "valueCoding": {
                      "system": "http://rti.com/fhir/rti/CodeSystem/mypain-questionnaireResponse",
                      "code": "mpqr-1010",
                      "display": "Somewhat"
                    }
                  }
                ]
              },
              {
                "linkId": "7",
                "prefix": "In the past 7 days:",
                "text": "How much did pain interfere with your ability to participate in social activities?",
                "type": "choice",
                "answerOption": [
                  {
                    "valueCoding": {
                      "system": "http://rti.com/fhir/rti/CodeSystem/mypain-questionnaireResponse",
                      "code": "mpqr-1010",
                      "display": "Somewhat"
                    }
                  }
                ]
              },
              {
                "linkId": "8",
                "prefix": "In the past 7 days:",
                "text": "How much did pain interfere with your household chores?",
                "type": "choice",
                "answerOption": [
                  {
                    "valueCoding": {
                      "system": "http://rti.com/fhir/rti/CodeSystem/mypain-questionnaireResponse",
                      "code": "mpqr-1010",
                      "display": "Somewhat"
                    }
                  }
                ]
              }
            ]
          },
          "request": {
            "method": "PUT",
            "url": "QuestionnaireResponse/e16fbbfe-b150-452d-8899-0603598c6c16"
          }
        },
        {
          "resource":{
            "resourceType": "MedicationRequest",
            "id": "1c11b0a0-ff66-479f-8ab1-5e738fd36ff3",
            "status": "completed",
            "intent": "order",
            "category": [
              {
                "coding": [
                  {
                    "system": "http://terminology.hl7.org/CodeSystem/medicationrequest-category",
                    "code": "community",
                    "display": "community"
                  }
                ]
              }
            ],
            "medicationCodeableConcept": {
              "coding": [
                {
                  "system": "http://www.nlm.nih.gov/research/umls/rxnorm",
                  "code": "1010600",
                  "display": "Physical Therapy and Acupuncture recommendation"
                }
              ]
            },
            "subject": {
              "reference": "Patient/d68463ce-3cad-4309-a271-e2860694ede7"
            },
            "encounter": {
              "reference": "Encounter/encounter-office-visit"
            }
          },
          "request": {
            "method": "PUT",
            "url": "MedicationRequest/1c11b0a0-ff66-479f-8ab1-5e738fd36ff3"
          }
        },
        {
          "resource":{
            "resourceType": "Encounter",
            "id": "e6457397-9794-48d5-9a6c-bc939721e62f",
            "meta": {
              "profile": [
                "http://hl7.org/fhir/us/core/StructureDefinition/us-core-encounter"
              ]
            },
            "status": "finished",
            "class": {
              "system": "http://terminology.hl7.org/CodeSystem/v3-ActCode",
              "code": "IMP",
              "display": "inpatient encounter"
            },
            "type": [
              {
                "coding": [
                    {
                        "system": "http://www.ama-assn.org/go/cpt",
                        "code": "99201",
                        "display": "Office or other outpatient visit for the evaluation and management of a new patient, which requires these 3 key components: A problem focused history; A problem focused examination; Straightforward medical decision making. Counseling and/or coordination of care with other physicians, other qualified health care professionals, or agencies are provided consistent with the nature of the problem(s) and the patient's and/or family's needs. Usually, the presenting problem(s) are self limited or minor. Typically, 10 minutes are spent face-to-face with the patient and/or family."
                    }
                ]
              }
            ],
            "subject": {
              "reference": "Patient/d68463ce-3cad-4309-a271-e2860694ede7"
            }
            },
            "request": {
              "method": "PUT",
              "url": "Encounter/e6457397-9794-48d5-9a6c-bc939721e62f"
            }
          },
          {
              "resource":{
              "resourceType" : "Practitioner",
              "id": "95a047ef-8280-48ab-9aec-c9b1b98b580e",
              "active" : true, 
              "name":[
                  {
                      "given":[
                          "Dr"
                      ],
                      "family": "Clark"
                  }
              ],
              "gender" : "male"
              },
              "request": {
                "method": "PUT",
                "url": "Practitioner/95a047ef-8280-48ab-9aec-c9b1b98b580e"
              }
           }
       ]
  }