{
    "resourceType": "Bundle",
    "id": "ms_echo",
    "type": "transaction",
    "entry": [
        {
            "resource":{
            "resourceType":"Patient",
            "id": "23346666-f301-4cc8-b9f4-c0a83b6573c4",
            "name":[
                {
                    "given":[
                        "Ms"
                    ],
                    "family": "Echo"
                }
            ],
            "gender": "female",
            "_birthDate": {
                "extension": [
                    {
                        "url": "http://hl7.org/fhir/StructureDefinition/cqf-expression",
                        "valueExpression": {
                            "language": "text/cql",
                            "expression": "Today() - 65 years"
                        }
                    }
                ]
            }
          },
          "request": {
            "method": "PUT",
            "url": "Patient/23346666-f301-4cc8-b9f4-c0a83b6573c4"
          }
        },
        {
            "resource":{
            "resourceType": "Condition",
            "id": "8fa99b7a-098e-4f68-9faf-ebf220e3c122",
            "meta": {
              "profile": [
                "http://hl7.org/fhir/us/core/StructureDefinition/us-core-condition"
              ]
            },
            "verificationStatus": {
              "coding": [
                {
                  "system": "http://terminology.hl7.org/CodeSystem/condition-ver-status",
                  "code": "confirmed",
                  "display": "Confirmed"
                }
              ]
            },
            "category": [
              {
                "coding": [
                  {
                    "system": "http://terminology.hl7.org/CodeSystem/condition-category",
                    "code": "encounter-diagnosis",
                    "display": "Encounter Diagnosis"
                  }
                ]
              }
            ],
            "code": {
              "coding": [
                {
                  "system": "http://snomed.info/sct",
                  "code": "116288000",
                  "display": "chronic knee pain and hip pain"
                }
              ]
            },
            "subject": {
              "reference": "Patient/23346666-f301-4cc8-b9f4-c0a83b6573c4"
            }
           },
           "request": {
             "method": "PUT",
             "url": "Condition/8fa99b7a-098e-4f68-9faf-ebf220e3c122"
           }
          },
          {
            "resource":{
            "resourceType": "QuestionnaireResponse",
            "id": "a55a20c4-9c8c-4181-b14c-9eca6f4fab87",
            "reference": "Patient/23346666-f301-4cc8-b9f4-c0a83b6573c4f",
            "meta": {
              "versionId": "1",
              "lastUpdated": "2020-07-13T19:15:58.761+00:00",
              "profile": [
                "http://hl7.org/fhir/uv/sdc/StructureDefinition/sdc-questionnaire|2.7"
              ],
              "tag": [
                {
                  "code": "lformsVersion: 23.0.0"
                }
              ]
            },
            "title": "MyPain Questionnaire",
            "status": "completed",
            "item": [
              {
                "linkId": "2",
                "text": "In the  past 7 days -  How intense was your pain at its worst?",
                "type": "choice",
                "answerOption": [
                  {
                    "valueCoding": {
                      "system": "http://rti.com/fhir/rti/CodeSystem/mypain-questionnaireResponse",
                      "code": "mpqr-1006",
                      "display": "Severe"
                    }
                  }
                ]
              },
              {
                "linkId": "3",
                "text": "How intense was your average pain?",
                "type": "choice",
                "answerOption": [
                  {
                    "valueCoding": {
                      "system": "http://rti.com/fhir/rti/CodeSystem/mypain-questionnaireResponse",
                      "code": "mpqr-1005",
                      "display": "Moderate"
                    }
                  }
                ]
              },
              {
                "linkId": "4",
                "text": "What is your level of pain right now?",
                "type": "choice",
                "answerOption": [
                  {
                    "valueCoding": {
                      "system": "http://rti.com/fhir/rti/CodeSystem/mypain-questionnaireResponse",
                      "code": "mpqr-1005",
                      "display": "Moderate"
                    }
                  }
                ]
              },
              {
                "linkId": "5",
                "prefix": "In the past 7 days:",
                "text": "How much did pain interfere with your day to day activities?",
                "type": "choice",
                "answerOption": [
                  {
                    "valueCoding": {
                      "system": "http://rti.com/fhir/rti/CodeSystem/mypain-questionnaireResponse",
                      "code": "mpqr-1011",
                      "display": "Quite a bit"
                    }
                  }
                ]
              },
              {
                "linkId": "6",
                "prefix": "In the past 7 days:",
                "text": "How much did pain interfere with your work?",
                "type": "choice",
                "answerOption": [
                  {
                    "valueCoding": {
                      "system": "http://rti.com/fhir/rti/CodeSystem/mypain-questionnaireResponse",
                      "code": "mpqr-1009",
                      "display": "A little bit"
                    }
                  }
                ]
              },
              {
                "linkId": "8",
                "prefix": "In the past 7 days:",
                "text": "How much did pain interfere with your household chores?",
                "type": "choice",
                "answerOption": [
                  {
                    "valueCoding": {
                      "system": "http://rti.com/fhir/rti/CodeSystem/mypain-questionnaireResponse",
                      "code": "mpqr-1009",
                      "display": "A little bit"
                    }
                  }
                ]
              },
              {
                "linkId": "15",
                "prefix": "Have you used any strategies or methods to help with your pain in the last 6 months: ",
                "text": "Physical therapy?",
                "type": "boolean"
              },
              {
                "linkId": "15a",
                "text": "Did it work?",
                "type": "boolean",
                "enableWhen": [
                  {
                    "question": "15",
                    "operator": "=",
                    "answerBoolean": true
                  }
                ]
              },
              {
                "linkId": "21",
                "prefix": "Have you used any of the following prescription medications to help with your pain in the last 6 months?:",
                "text": "Opioid medications (such as hydrocodone, oxycodone, codeine, morphine and fentanyl)?",
                "type": "boolean"
              },
              {
                "linkId": "21a",
                "text": "Did it work?",
                "type": "boolean",
                "enableWhen": [
                  {
                    "question": "21",
                    "operator": "=",
                    "answerBoolean": true
                  }
                ]
              }
            ]
          },
          "request": {
            "method": "PUT",
            "url": "QuestionnaireResponse/a55a20c4-9c8c-4181-b14c-9eca6f4fab87"
          }
        },
        {
            "resource":{
            "resourceType": "MedicationRequest",
            "id": "1d34b5ab-f4c9-4ad4-b939-106451fd10c0",
            "status": "completed",
            "intent": "order",
            "category": [
              {
                "coding": [
                  {
                    "system": "http://terminology.hl7.org/CodeSystem/medicationrequest-category",
                    "code": "community",
                    "display": "community"
                  }
                ]
              }
            ],
            "medicationCodeableConcept": {
              "coding": [
                {
                  "system": "http://www.nlm.nih.gov/research/umls/rxnorm",
                  "code": "1010600",
                  "display": "Physical Therapy and Custom brace for knee"
                }
              ]
            },
            "subject": {
              "reference": "Patient/23346666-f301-4cc8-b9f4-c0a83b6573c4"
            },
            "encounter": {
              "reference": "Encounter/encounter-office-visit"
            }
          },
          "request": {
            "method": "PUT",
            "url": "MedicationRequest/1d34b5ab-f4c9-4ad4-b939-106451fd10c0"
          }
        },
        {
            "resource":{
            "resourceType": "Encounter",
            "id": "85388ec1-c3cb-45a0-9867-9faddf625938",
            "meta": {
              "profile": [
                "http://hl7.org/fhir/us/core/StructureDefinition/us-core-encounter"
              ]
            },
            "status": "finished",
            "class": {
              "system": "http://terminology.hl7.org/CodeSystem/v3-ActCode",
              "code": "IMP",
              "display": "inpatient encounter"
            },
            "type": [
              {
                  "coding": [
                      {
                          "system": "http://www.ama-assn.org/go/cpt",
                          "code": "99201",
                          "display": "Office or other outpatient visit for the evaluation and management of a new patient, which requires these 3 key components: A problem focused history; A problem focused examination; Straightforward medical decision making. Counseling and/or coordination of care with other physicians, other qualified health care professionals, or agencies are provided consistent with the nature of the problem(s) and the patient's and/or family's needs. Usually, the presenting problem(s) are self limited or minor. Typically, 10 minutes are spent face-to-face with the patient and/or family."
                      }
                  ]
              }
            ],
            "subject": {
              "reference": "Patient/23346666-f301-4cc8-b9f4-c0a83b6573c4"
            }
          },
          "request": {
            "method": "PUT",
            "url": "Encounter/85388ec1-c3cb-45a0-9867-9faddf625938"
          }
        },
        {
            "resource":{
            "resourceType" : "Practitioner",
            "id": "ee53e004-ebad-4eb0-8087-0c9dd09deaa1",
            "active" : true, 
            "name":[
                {
                    "given":[
                        "Dr"
                    ],
                    "family": "Alpha"
                }
            ],
            "gender" : "male"
            },
            "request": {
              "method": "PUT",
              "url": "Practitioner/ee53e004-ebad-4eb0-8087-0c9dd09deaa1"
            }
          }
    ]
}