{
    "resourceType": "Bundle",
    "id": "ms_ellis",
    "type": "transaction",
    "entry": [
        {
            "resource":{
            "resourceType":"Patient",
            "id": "9cf3a26e-42b5-43a4-96de-f071a39bba2f",
            "name":[
                {
                    "given":[
                        "Ms"
                    ],
                    "family": "Ellis"
                }
            ],
            "gender": "female",
            "_birthDate": {
                "extension": [
                    {
                        "url": "http://hl7.org/fhir/StructureDefinition/cqf-expression",
                        "valueExpression": {
                            "language": "text/cql",
                            "expression": "Today() - 63 years"
                        }
                    }
                ]
            }
         },
         "request": {
           "method": "PUT",
           "url": "Patient/9cf3a26e-42b5-43a4-96de-f071a39bba2f"
         }
        },
        {
            "resource":{
            "resourceType": "Condition",
            "id": "7837da26-c836-487c-b684-3d85321f9bab",
            "subject": {
              "reference": "Patient/9cf3a26e-42b5-43a4-96de-f071a39bba2f"
            },
            "clinicalStatus": {
              "coding": [
                {
                  "system": "http://terminology.hl7.org/CodeSystem/condition-clinical",
                  "code": "active",
                  "display": "Active"
                }
              ],
              "text": "Active"
            },
            "verificationStatus": {
              "coding": [
                {
                  "system": "http://terminology.hl7.org/CodeSystem/condition-ver-status",
                  "code": "confirmed",
                  "display": "Confirmed"
                }
              ],
              "text": "Confirmed"
            },
            "code": {
              "coding": [
                {
                  "system": "http://snomed.info/sct",
                  "code": "203082005",
                  "display": "Fibromyalgia (disorder)"
                }
              ],
              "text": "Fibromyalgia (disorder)"
            }
        },
        "request": {
          "method": "PUT",
          "url": "Condition/7837da26-c836-487c-b684-3d85321f9bab"
        }
        },
        {
            "resource":{
            "resourceType": "QuestionnaireResponse",
            "id": "e5690fff-e959-40a0-94ff-56762210edcf",
            "reference": "Patient/9cf3a26e-42b5-43a4-96de-f071a39bba2f",
            "meta": {
              "versionId": "1",
              "lastUpdated": "2020-07-13T19:15:58.761+00:00",
              "profile": [
                "http://hl7.org/fhir/uv/sdc/StructureDefinition/sdc-questionnaire|2.7"
              ],
              "tag": [
                {
                  "code": "lformsVersion: 23.0.0"
                }
              ]
            },
            "title": "MyPain Questionnaire",
            "status": "completed",
            "item": [
              {
                "linkId": "1",
                "text": "Please describe the location(s) of any pain you have had in the past 7 days (e.g., lower back and left hip):",
                "type": "text"
              },
              {
                "linkId": "2",
                "text": "In the  past 7 days -  How intense was your pain at its worst?",
                "type": "choice",
                "answerOption": [
                  {
                    "valueCoding": {
                      "system": "http://rti.com/fhir/rti/CodeSystem/mypain-questionnaireResponse",
                      "code": "mpqr-1005",
                      "display": "Moderate"
                    }
                  }
                ]
              },
              {
                "linkId": "3",
                "text": "How intense was your average pain?",
                "type": "choice",
                "answerOption": [
                  {
                    "valueCoding": {
                      "system": "http://rti.com/fhir/rti/CodeSystem/mypain-questionnaireResponse",
                      "code": "mpqr-1005",
                      "display": "Moderate"
                    }
                 }
                ]
              },
              {
                "linkId": "4",
                "text": "What is your level of pain right now?",
                "type": "choice",
                "answerOption": [
                  {
                    "valueCoding": {
                      "system": "http://rti.com/fhir/rti/CodeSystem/mypain-questionnaireResponse",
                      "code": "mpqr-1005",
                      "display": "Moderate"
                    }
                  }
                ]
              },
              {
                "linkId": "5",
                "prefix": "In the past 7 days:",
                "text": "How much did pain interfere with your day to day activities?",
                "type": "choice",
                "answerOption": [
                  {
                    "valueCoding": {
                      "system": "http://rti.com/fhir/rti/CodeSystem/mypain-questionnaireResponse",
                      "code": "mpqr-1011",
                      "display": "Quite a bit"
                    }
                  }
                ]
              },
              {
                "linkId": "6",
                "prefix": "In the past 7 days:",
                "text": "How much did pain interfere with your work?",
                "type": "choice",
                "answerOption": [
                  
                  {
                    "valueCoding": {
                      "system": "http://rti.com/fhir/rti/CodeSystem/mypain-questionnaireResponse",
                      "code": "mpqr-1010",
                      "display": "Somewhat"
                    }
                  }
                ]
              },
              {
                "linkId": "7",
                "prefix": "In the past 7 days:",
                "text": "How much did pain interfere with your ability to participate in social activities?",
                "type": "choice",
                "answerOption": [
                  {
                    "valueCoding": {
                      "system": "http://rti.com/fhir/rti/CodeSystem/mypain-questionnaireResponse",
                      "code": "mpqr-1010",
                      "display": "Somewhat"
                    }
                  }
                ]
              },
              {
                "linkId": "8",
                "prefix": "In the past 7 days:",
                "text": "How much did pain interfere with your household chores?",
                "type": "choice",
                "answerOption": [
                  {
                    "valueCoding": {
                      "system": "http://rti.com/fhir/rti/CodeSystem/mypain-questionnaireResponse",
                      "code": "mpqr-1010",
                      "display": "Somewhat"
                    }
                  }
                ]
              }
            ]
          },
          "request": {
            "method": "PUT",
            "url": "QuestionnaireResponse/e5690fff-e959-40a0-94ff-56762210edcf"
          }
        },
        {
            "resource":{
            "resourceType": "Encounter",
            "id": "3654c33a-4847-4b74-8db8-99525f454e41",
            "meta": {
              "profile": [
                "http://hl7.org/fhir/us/core/StructureDefinition/us-core-encounter"
              ]
            },
            "status": "finished",
            "class": {
              "system": "http://terminology.hl7.org/CodeSystem/v3-ActCode",
              "code": "IMP",
              "display": "inpatient encounter"
            },
            "type": [
              {
                "coding": [
                    {
                        "system": "http://www.ama-assn.org/go/cpt",
                        "code": "99201",
                        "display": "Office or other outpatient visit for the evaluation and management of a new patient, which requires these 3 key components: A problem focused history; A problem focused examination; Straightforward medical decision making. Counseling and/or coordination of care with other physicians, other qualified health care professionals, or agencies are provided consistent with the nature of the problem(s) and the patient's and/or family's needs. Usually, the presenting problem(s) are self limited or minor. Typically, 10 minutes are spent face-to-face with the patient and/or family."
                    }
                ] 
              }
            ],
            "subject": {
              "reference": "Patient/9cf3a26e-42b5-43a4-96de-f071a39bba2f"
            }
          },
          "request": {
            "method": "PUT",
            "url": "Encounter/3654c33a-4847-4b74-8db8-99525f454e41"
          }
        },
        {
            "resource":{
            "resourceType" : "Practitioner",
            "id": "6700aa20-fba5-4d7b-af6f-fbf72da16e6f",
            "active" : true, 
            "name":[
                {
                    "given":[
                        "Dr"
                    ],
                    "family": "Abbott"
                }
            ],
            "gender" : "female"
            },
            "request": {
              "method": "PUT",
              "url": "Practitioner/6700aa20-fba5-4d7b-af6f-fbf72da16e6f"
            }
          }
    ]}