{
  "resourceType": "ValueSet",
  "id": "2.16.840.1.113762.1.4.1021.74",
  "meta": {
    "profile": [ "http://hl7.org/fhir/uv/cpg/StructureDefinition/cpg-shareablevalueset", "http://hl7.org/fhir/uv/cpg/StructureDefinition/cpg-publishablevalueset", "http://hl7.org/fhir/uv/cpg/StructureDefinition/cpg-executablevalueset" ]
  },
  "extension": [ {
    "url": "http://hl7.org/fhir/uv/cpg/StructureDefinition/cpg-knowledgeCapability",
    "valueCode": "shareable"
  }, {
    "url": "http://hl7.org/fhir/uv/cpg/StructureDefinition/cpg-knowledgeRepresentationLevel",
    "valueCode": "narrative"
  }, {
    "url": "http://hl7.org/fhir/uv/cpg/StructureDefinition/cpg-knowledgeCapability",
    "valueCode": "publishable"
  }, {
    "url": "http://fhir.org/guides/cdc/opioid-cds/StructureDefinition/cdc-valueset-inclusion-criteria",
    "valueString": "ICD10 codes released between 2018 and 2020 that represent pregnancy."
  }, {
    "url": "http://fhir.org/guides/cdc/opioid-cds/StructureDefinition/cdc-valueset-exclusion-criteria",
    "valueString": "ICD10 codes released before 2018 and after 2020 that represent pregnancy, along with all other standard terminology codes that represent pregnancy (e.g., SNOMED-CT)"
  }, {
    "url": "http://hl7.org/fhir/uv/cpg/StructureDefinition/cpg-knowledgeCapability",
    "valueCode": "executable"
  }, {
    "url": "http://hl7.org/fhir/uv/cpg/StructureDefinition/cpg-knowledgeRepresentationLevel",
    "valueCode": "executable"
  }, {
    "url": "http://hl7.org/fhir/uv/cpg/StructureDefinition/cpg-usageWarning",
    "valueString": "This value set contains a point-in-time expansion enumerating the codes that meet the value set intent. As new versions of the code systems used by the value set are released, the contents of this expansion will need to be updated to incorporate newly defined codes that meet the value set intent. Before, and periodically during production use, the value set expansion contents SHOULD be updated. The value set expansion specifies the timestamp when the expansion was produced, SHOULD contain the parameters used for the expansion, and SHALL contain the codes that are obtained by evaluating the value set definition. If this is ONLY an executable value set, a distributable definition of the value set must be obtained to compute the updated expansion."
  } ],
  "url": "http://fhir.org/guides/cqf/cds4cpm/ValueSet/2.16.840.1.113762.1.4.1021.74",
  "version": "20200918",
  "name": "PregnancyNewICD10codespublishedbetween2018and2020",
  "title": "Pregnancy (New ICD10 codes published between 2018 and 2020)",
  "status": "active",
  "experimental": false,
  "publisher": "MD Partners",
  "description": "Pregnancy",
  "purpose": "New ICD10 codes released between 2018 and 2020 to represent pregnancy. This value set was created to expand the PCPI pregnancy value set (2.16.840.1.113883.3.526.3.378). Note: there were no new ICD10-CM codes published in 2020 that represent pregnancy.",
  "expansion": {
    "timestamp": "2021-01-12T17:49:47-07:00",
    "contains": [ {
      "system": "http://hl7.org/fhir/sid/icd-10-cm",
      "version": "2021",
      "code": "O00.11",
      "display": "Tubal pregnancy with intrauterine pregnancy"
    }, {
      "system": "http://hl7.org/fhir/sid/icd-10-cm",
      "version": "2021",
      "code": "O00.111",
      "display": "Right tubal pregnancy with intrauterine pregnancy"
    }, {
      "system": "http://hl7.org/fhir/sid/icd-10-cm",
      "version": "2021",
      "code": "O00.112",
      "display": "Left tubal pregnancy with intrauterine pregnancy"
    }, {
      "system": "http://hl7.org/fhir/sid/icd-10-cm",
      "version": "2021",
      "code": "O00.119",
      "display": "Unspecified tubal pregnancy with intrauterine pregnancy"
    }, {
      "system": "http://hl7.org/fhir/sid/icd-10-cm",
      "version": "2021",
      "code": "O00.21",
      "display": "Ovarian pregnancy with intrauterine pregnancy"
    }, {
      "system": "http://hl7.org/fhir/sid/icd-10-cm",
      "version": "2021",
      "code": "O00.211",
      "display": "Right ovarian pregnancy with intrauterine pregnancy"
    }, {
      "system": "http://hl7.org/fhir/sid/icd-10-cm",
      "version": "2021",
      "code": "O00.219",
      "display": "Unspecified ovarian pregnancy with intrauterine pregnancy"
    }, {
      "system": "http://hl7.org/fhir/sid/icd-10-cm",
      "version": "2021",
      "code": "O30.1",
      "display": "Triplet pregnancy"
    }, {
      "system": "http://hl7.org/fhir/sid/icd-10-cm",
      "version": "2021",
      "code": "O30.13",
      "display": "Triplet pregnancy, trichorionic/triamniotic"
    }, {
      "system": "http://hl7.org/fhir/sid/icd-10-cm",
      "version": "2021",
      "code": "O30.131",
      "display": "Triplet pregnancy, trichorionic/triamniotic, first trimester"
    }, {
      "system": "http://hl7.org/fhir/sid/icd-10-cm",
      "version": "2021",
      "code": "O30.132",
      "display": "Triplet pregnancy, trichorionic/triamniotic, second trimester"
    }, {
      "system": "http://hl7.org/fhir/sid/icd-10-cm",
      "version": "2021",
      "code": "O30.133",
      "display": "Triplet pregnancy, trichorionic/triamniotic, third trimester"
    }, {
      "system": "http://hl7.org/fhir/sid/icd-10-cm",
      "version": "2021",
      "code": "O30.139",
      "display": "Triplet pregnancy, trichorionic/triamniotic, unspecified trimester"
    }, {
      "system": "http://hl7.org/fhir/sid/icd-10-cm",
      "version": "2021",
      "code": "O30.2",
      "display": "Quadruplet pregnancy"
    }, {
      "system": "http://hl7.org/fhir/sid/icd-10-cm",
      "version": "2021",
      "code": "O30.23",
      "display": "Quadruplet pregnancy, quadrachorionic/quadra-amniotic"
    }, {
      "system": "http://hl7.org/fhir/sid/icd-10-cm",
      "version": "2021",
      "code": "O30.231",
      "display": "Quadruplet pregnancy, quadrachorionic/quadra-amniotic, first trimester"
    }, {
      "system": "http://hl7.org/fhir/sid/icd-10-cm",
      "version": "2021",
      "code": "O30.232",
      "display": "Quadruplet pregnancy, quadrachorionic/quadra-amniotic, second trimester"
    }, {
      "system": "http://hl7.org/fhir/sid/icd-10-cm",
      "version": "2021",
      "code": "O30.233",
      "display": "Quadruplet pregnancy, quadrachorionic/quadra-amniotic, third trimester"
    }, {
      "system": "http://hl7.org/fhir/sid/icd-10-cm",
      "version": "2021",
      "code": "O30.239",
      "display": "Quadruplet pregnancy, quadrachorionic/quadra-amniotic, unspecified trimester"
    }, {
      "system": "http://hl7.org/fhir/sid/icd-10-cm",
      "version": "2021",
      "code": "O30.8",
      "display": "Other specified multiple gestation"
    }, {
      "system": "http://hl7.org/fhir/sid/icd-10-cm",
      "version": "2021",
      "code": "O30.83",
      "display": "Other specified multiple gestation, number of chorions and amnions are both equal to the number of fetuses"
    }, {
      "system": "http://hl7.org/fhir/sid/icd-10-cm",
      "version": "2021",
      "code": "O30.831",
      "display": "Other specified multiple gestation, number of chorions and amnions are both equal to the number of fetuses, first trimester"
    }, {
      "system": "http://hl7.org/fhir/sid/icd-10-cm",
      "version": "2021",
      "code": "O30.832",
      "display": "Other specified multiple gestation, number of chorions and amnions are both equal to the number of fetuses, second trimester"
    }, {
      "system": "http://hl7.org/fhir/sid/icd-10-cm",
      "version": "2021",
      "code": "O30.833",
      "display": "Other specified multiple gestation, number of chorions and amnions are both equal to the number of fetuses, third trimester"
    }, {
      "system": "http://hl7.org/fhir/sid/icd-10-cm",
      "version": "2021",
      "code": "O30.839",
      "display": "Other specified multiple gestation, number of chorions and amnions are both equal to the number of fetuses, unspecified trimester"
    }, {
      "system": "http://hl7.org/fhir/sid/icd-10-cm",
      "version": "2021",
      "code": "O36.83",
      "display": "Maternal care for abnormalities of the fetal heart rate or rhythm"
    }, {
      "system": "http://hl7.org/fhir/sid/icd-10-cm",
      "version": "2021",
      "code": "O36.831",
      "display": "Maternal care for abnormalities of the fetal heart rate or rhythm, first trimester"
    }, {
      "system": "http://hl7.org/fhir/sid/icd-10-cm",
      "version": "2021",
      "code": "O36.8310",
      "display": "Maternal care for abnormalities of the fetal heart rate or rhythm, first trimester, not applicable or unspecified"
    }, {
      "system": "http://hl7.org/fhir/sid/icd-10-cm",
      "version": "2021",
      "code": "O36.8311",
      "display": "Maternal care for abnormalities of the fetal heart rate or rhythm, first trimester, fetus 1"
    }, {
      "system": "http://hl7.org/fhir/sid/icd-10-cm",
      "version": "2021",
      "code": "O36.8312",
      "display": "Maternal care for abnormalities of the fetal heart rate or rhythm, first trimester, fetus 2"
    }, {
      "system": "http://hl7.org/fhir/sid/icd-10-cm",
      "version": "2021",
      "code": "O36.8313",
      "display": "Maternal care for abnormalities of the fetal heart rate or rhythm, first trimester, fetus 3"
    }, {
      "system": "http://hl7.org/fhir/sid/icd-10-cm",
      "version": "2021",
      "code": "O36.8314",
      "display": "Maternal care for abnormalities of the fetal heart rate or rhythm, first trimester, fetus 4"
    }, {
      "system": "http://hl7.org/fhir/sid/icd-10-cm",
      "version": "2021",
      "code": "O36.8315",
      "display": "Maternal care for abnormalities of the fetal heart rate or rhythm, first trimester, fetus 5"
    }, {
      "system": "http://hl7.org/fhir/sid/icd-10-cm",
      "version": "2021",
      "code": "O36.8319",
      "display": "Maternal care for abnormalities of the fetal heart rate or rhythm, first trimester, other fetus"
    }, {
      "system": "http://hl7.org/fhir/sid/icd-10-cm",
      "version": "2021",
      "code": "O36.832",
      "display": "Maternal care for abnormalities of the fetal heart rate or rhythm, second trimester"
    }, {
      "system": "http://hl7.org/fhir/sid/icd-10-cm",
      "version": "2021",
      "code": "O36.8320",
      "display": "Maternal care for abnormalities of the fetal heart rate or rhythm, second trimester, not applicable or unspecified"
    }, {
      "system": "http://hl7.org/fhir/sid/icd-10-cm",
      "version": "2021",
      "code": "O36.8321",
      "display": "Maternal care for abnormalities of the fetal heart rate or rhythm, second trimester, fetus 1"
    }, {
      "system": "http://hl7.org/fhir/sid/icd-10-cm",
      "version": "2021",
      "code": "O36.8322",
      "display": "Maternal care for abnormalities of the fetal heart rate or rhythm, second trimester, fetus 2"
    }, {
      "system": "http://hl7.org/fhir/sid/icd-10-cm",
      "version": "2021",
      "code": "O36.8323",
      "display": "Maternal care for abnormalities of the fetal heart rate or rhythm, second trimester, fetus 3"
    }, {
      "system": "http://hl7.org/fhir/sid/icd-10-cm",
      "version": "2021",
      "code": "O36.8324",
      "display": "Maternal care for abnormalities of the fetal heart rate or rhythm, second trimester, fetus 4"
    }, {
      "system": "http://hl7.org/fhir/sid/icd-10-cm",
      "version": "2021",
      "code": "O36.8325",
      "display": "Maternal care for abnormalities of the fetal heart rate or rhythm, second trimester, fetus 5"
    }, {
      "system": "http://hl7.org/fhir/sid/icd-10-cm",
      "version": "2021",
      "code": "O36.8329",
      "display": "Maternal care for abnormalities of the fetal heart rate or rhythm, second trimester, other fetus"
    }, {
      "system": "http://hl7.org/fhir/sid/icd-10-cm",
      "version": "2021",
      "code": "O36.833",
      "display": "Maternal care for abnormalities of the fetal heart rate or rhythm, third trimester"
    }, {
      "system": "http://hl7.org/fhir/sid/icd-10-cm",
      "version": "2021",
      "code": "O36.8330",
      "display": "Maternal care for abnormalities of the fetal heart rate or rhythm, third trimester, not applicable or unspecified"
    }, {
      "system": "http://hl7.org/fhir/sid/icd-10-cm",
      "version": "2021",
      "code": "O36.8331",
      "display": "Maternal care for abnormalities of the fetal heart rate or rhythm, third trimester, fetus 1"
    }, {
      "system": "http://hl7.org/fhir/sid/icd-10-cm",
      "version": "2021",
      "code": "O36.8332",
      "display": "Maternal care for abnormalities of the fetal heart rate or rhythm, third trimester, fetus 2"
    }, {
      "system": "http://hl7.org/fhir/sid/icd-10-cm",
      "version": "2021",
      "code": "O36.8333",
      "display": "Maternal care for abnormalities of the fetal heart rate or rhythm, third trimester, fetus 3"
    }, {
      "system": "http://hl7.org/fhir/sid/icd-10-cm",
      "version": "2021",
      "code": "O36.8334",
      "display": "Maternal care for abnormalities of the fetal heart rate or rhythm, third trimester, fetus 4"
    }, {
      "system": "http://hl7.org/fhir/sid/icd-10-cm",
      "version": "2021",
      "code": "O36.8335",
      "display": "Maternal care for abnormalities of the fetal heart rate or rhythm, third trimester, fetus 5"
    }, {
      "system": "http://hl7.org/fhir/sid/icd-10-cm",
      "version": "2021",
      "code": "O36.8339",
      "display": "Maternal care for abnormalities of the fetal heart rate or rhythm, third trimester, other fetus"
    }, {
      "system": "http://hl7.org/fhir/sid/icd-10-cm",
      "version": "2021",
      "code": "O36.839",
      "display": "Maternal care for abnormalities of the fetal heart rate or rhythm, unspecified trimester"
    }, {
      "system": "http://hl7.org/fhir/sid/icd-10-cm",
      "version": "2021",
      "code": "O36.8390",
      "display": "Maternal care for abnormalities of the fetal heart rate or rhythm, unspecified trimester, not applicable or unspecified"
    }, {
      "system": "http://hl7.org/fhir/sid/icd-10-cm",
      "version": "2021",
      "code": "O36.8391",
      "display": "Maternal care for abnormalities of the fetal heart rate or rhythm, unspecified trimester, fetus 1"
    }, {
      "system": "http://hl7.org/fhir/sid/icd-10-cm",
      "version": "2021",
      "code": "O36.8392",
      "display": "Maternal care for abnormalities of the fetal heart rate or rhythm, unspecified trimester, fetus 2"
    }, {
      "system": "http://hl7.org/fhir/sid/icd-10-cm",
      "version": "2021",
      "code": "O36.8393",
      "display": "Maternal care for abnormalities of the fetal heart rate or rhythm, unspecified trimester, fetus 3"
    }, {
      "system": "http://hl7.org/fhir/sid/icd-10-cm",
      "version": "2021",
      "code": "O36.8394",
      "display": "Maternal care for abnormalities of the fetal heart rate or rhythm, unspecified trimester, fetus 4"
    }, {
      "system": "http://hl7.org/fhir/sid/icd-10-cm",
      "version": "2021",
      "code": "O36.8395",
      "display": "Maternal care for abnormalities of the fetal heart rate or rhythm, unspecified trimester, fetus 5"
    }, {
      "system": "http://hl7.org/fhir/sid/icd-10-cm",
      "version": "2021",
      "code": "O36.8399",
      "display": "Maternal care for abnormalities of the fetal heart rate or rhythm, unspecified trimester, other fetus"
    } ]
  }
}