{
  "resourceType": "ValueSet",
  "id": "LL2951-3",
  "meta": {
    "versionId": "2",
    "lastUpdated": "2020-06-30T02:58:54.926+00:00",
    "profile": [ "http://hl7.org/fhir/uv/cpg/StructureDefinition/cpg-executablevalueset" ]
  },
  "extension": [ {
    "url": "http://hl7.org/fhir/uv/cpg/StructureDefinition/cpg-knowledgeCapability",
    "valueCode": "executable"
  }, {
    "url": "http://hl7.org/fhir/uv/cpg/StructureDefinition/cpg-knowledgeRepresentationLevel",
    "valueCode": "executable"
  } ,     {
    "url": "http://hl7.org/fhir/uv/cpg/StructureDefinition/cpg-usageWarning",
    "valueString": "This value set contains a point-in-time expansion enumerating the codes that meet the value set intent. As new versions of the code systems used by the value set are released, the contents of this expansion will need to be updated to incorporate newly defined codes that meet the value set intent. Before, and periodically during production use, the value set expansion contents SHOULD be updated. The value set expansion specifies the timestamp when the expansion was produced, SHOULD contain the parameters used for the expansion, and SHALL contain the codes that are obtained by evaluating the value set definition. If this is ONLY an executable value set, a distributable definition of the value set must be obtained to compute the updated expansion."
  }],
  "url": "http://fhir.org/guides/cqf/cds4cpm/ValueSet/LL2951-3",
  "identifier": [ {
    "system": "urn:ietf:rfc:3986",
    "value": "urn:oid:1.3.6.1.4.1.12009.10.1.1889"
  }
  ],
  "version": "Loinc_2.68",
  "name": "[PROMIS] No pain|Mild|Mod|Severe|Very severe",
  "title": "ValueSet - Current Pain Levels",
  "status": "active",
  "experimental": false,
  "description": "Current pain level valueset.",
  "publisher": "Regenstrief Institute, Inc.",
  "contact": [ {
    "name": "Regenstrief Institute, Inc.",
    "telecom": [ {
      "system": "url",
      "value": "https://loinc.org"
    } ]
  } ],
  "copyright": "This content from LOINC® is copyright © 1995 Regenstrief Institute, Inc. and the LOINC Committee, and available at no cost under the license at https://loinc.org/license/",
  "compose": {
    "include": [ {
      "system": "http://loinc.org",
      "concept": [ {
        "code": "LA131-5",
        "display": "No pain"
      }, {
        "code": "LA6752-5",
        "display": "Mild"
      }, {
        "code": "LA6751-7",
        "display": "Moderate"
      }, {
        "code": "LA6750-9",
        "display": "Severe"
      }, {
        "code": "LA13958-6",
        "display": "Very severe"
      } ]
    } ]
  },
  "expansion": {
    "timestamp": "2021-01-12T17:52:02-07:00",
    "contains": [ {
      "system": "http://loinc.org",
      "code": "LA131-5",
      "display": "No pain"
    }, {
      "system": "http://loinc.org",
      "code": "LA6752-5",
      "display": "Mild"
    }, {
      "system": "http://loinc.org",
      "code": "LA6751-7",
      "display": "Moderate"
    }, {
      "system": "http://loinc.org",
      "code": "LA6750-9",
      "display": "Severe"
    }, {
      "system": "http://loinc.org",
      "code": "LA13958-6",
      "display": "Very severe"
    } ]
  }
}