{
  "resourceType": "ValueSet",
  "id": "mypain-questionnaire-codes",
  "meta": {
    "profile": [
      "http://hl7.org/fhir/uv/cpg/StructureDefinition/cpg-shareablevalueset",
      "http://hl7.org/fhir/uv/cpg/StructureDefinition/cpg-computablevalueset",
      "http://hl7.org/fhir/uv/cpg/StructureDefinition/cpg-publishablevalueset",
      "http://hl7.org/fhir/uv/cpg/StructureDefinition/cpg-executablevalueset"
    ]
  },
  "extension": [
    {
      "url": "http://hl7.org/fhir/uv/cpg/StructureDefinition/cpg-knowledgeCapability",
      "valueCode": "shareable"
    },
    {
      "url": "http://hl7.org/fhir/uv/cpg/StructureDefinition/cpg-knowledgeCapability",
      "valueCode": "computable"
    },
    {
      "url": "http://hl7.org/fhir/uv/cpg/StructureDefinition/cpg-knowledgeCapability",
      "valueCode": "publishable"
    },
    {
      "url": "http://hl7.org/fhir/uv/cpg/StructureDefinition/cpg-knowledgeCapability",
      "valueCode": "executable"
    },
    {
      "url": "http://hl7.org/fhir/uv/cpg/StructureDefinition/cpg-knowledgeRepresentationLevel",
      "valueCode": "structured"
    },
    {
      "url": "http://hl7.org/fhir/uv/cpg/StructureDefinition/cpg-usageWarning",
      "valueString": "This value set contains a point-in-time expansion enumerating the codes that meet the value set intent. As new versions of the code systems used by the value set are released, the contents of this expansion will need to be updated to incorporate newly defined codes that meet the value set intent. Before, and periodically during production use, the value set expansion contents SHOULD be updated. The value set expansion specifies the timestamp when the expansion was produced, SHOULD contain the parameters used for the expansion, and SHALL contain the codes that are obtained by evaluating the value set definition. If this is ONLY an executable value set, a distributable definition of the value set must be obtained to compute the updated expansion."
    }
  ],
  "url": "http://fhir.org/guides/cqf/cds4cpm/ValueSet/mypain-questionnaire-codes",
  "name": "MyPAINQuestionnaireCodes",
  "title": "MyPAIN Questionnaire Codes",
  "status": "active",
  "experimental": false,
  "description": "Value set for Questionnaire Codes used in the MyPAIN Questionnaire",
  "immutable": true,
  "compose": {
    "include": [
      {
        "system": "http://fhir.org/guides/cqf/cds4cpm/CodeSystem/mypain-questionnaire-codes"
      }
    ]
  },
  "expansion": {
    "timestamp": "2020-10-27T21:08:47-06:00",
    "contains": [
      {
        "extension": [
          {
            "url": "http://hl7.org/fhir/StructureDefinition/valueset-caseSensitive",
            "valueBoolean": true
          }
        ],
        "system": "http://fhir.org/guides/cqf/cds4cpm/CodeSystem/mypain-questionnaire-codes",
        "code": "mpq-1000",
        "display": "DEPRECATED"
      },
      {
        "extension": [
          {
            "url": "http://hl7.org/fhir/StructureDefinition/valueset-caseSensitive",
            "valueBoolean": true
          }
        ],
        "system": "http://fhir.org/guides/cqf/cds4cpm/CodeSystem/mypain-questionnaire-codes",
        "code": "mpq-1001",
        "display": "DEPRECATED"
      },
      {
        "extension": [
          {
            "url": "http://hl7.org/fhir/StructureDefinition/valueset-caseSensitive",
            "valueBoolean": true
          }
        ],
        "system": "http://fhir.org/guides/cqf/cds4cpm/CodeSystem/mypain-questionnaire-codes",
        "code": "mpq-1002",
        "display": "DEPRECATED"
      },
      {
        "extension": [
          {
            "url": "http://hl7.org/fhir/StructureDefinition/valueset-caseSensitive",
            "valueBoolean": true
          }
        ],
        "system": "http://fhir.org/guides/cqf/cds4cpm/CodeSystem/mypain-questionnaire-codes",
        "code": "mpq-1003",
        "display": "DEPRECATED"
      },
      {
        "extension": [
          {
            "url": "http://hl7.org/fhir/StructureDefinition/valueset-caseSensitive",
            "valueBoolean": true
          }
        ],
        "system": "http://fhir.org/guides/cqf/cds4cpm/CodeSystem/mypain-questionnaire-codes",
        "code": "mpq-1004",
        "display": "DEPRECATED"
      },
      {
        "extension": [
          {
            "url": "http://hl7.org/fhir/StructureDefinition/valueset-caseSensitive",
            "valueBoolean": true
          }
        ],
        "system": "http://fhir.org/guides/cqf/cds4cpm/CodeSystem/mypain-questionnaire-codes",
        "code": "mpq-1005",
        "display": "DEPRECATED"
      },
      {
        "extension": [
          {
            "url": "http://hl7.org/fhir/StructureDefinition/valueset-caseSensitive",
            "valueBoolean": true
          }
        ],
        "system": "http://fhir.org/guides/cqf/cds4cpm/CodeSystem/mypain-questionnaire-codes",
        "code": "mpq-1006",
        "display": "DEPRECATED"
      },
      {
        "extension": [
          {
            "url": "http://hl7.org/fhir/StructureDefinition/valueset-caseSensitive",
            "valueBoolean": true
          }
        ],
        "system": "http://fhir.org/guides/cqf/cds4cpm/CodeSystem/mypain-questionnaire-codes",
        "code": "mpq-1007",
        "display": "DEPRECATED"
      },
      {
        "extension": [
          {
            "url": "http://hl7.org/fhir/StructureDefinition/valueset-caseSensitive",
            "valueBoolean": true
          }
        ],
        "system": "http://fhir.org/guides/cqf/cds4cpm/CodeSystem/mypain-questionnaire-codes",
        "code": "mpq-1008",
        "display": "How often have Exercises at home (such as those assigned by a therapist) or outside (such as walking, jogging, swimming) you have tried in the past 6 months helped you with your pain?"
      },
      {
        "extension": [
          {
            "url": "http://hl7.org/fhir/StructureDefinition/valueset-caseSensitive",
            "valueBoolean": true
          }
        ],
        "system": "http://fhir.org/guides/cqf/cds4cpm/CodeSystem/mypain-questionnaire-codes",
        "code": "mpq-1009",
        "display": "How often have Sleep positioners or devices (such as additional pillows, padding, etc.) you have tried in the past 6 months helped you with your pain?"
      },
      {
        "extension": [
          {
            "url": "http://hl7.org/fhir/StructureDefinition/valueset-caseSensitive",
            "valueBoolean": true
          }
        ],
        "system": "http://fhir.org/guides/cqf/cds4cpm/CodeSystem/mypain-questionnaire-codes",
        "code": "mpq-1010",
        "display": "How often has Stretching you have tried in the past 6 months helped you with your pain?"
      },
      {
        "extension": [
          {
            "url": "http://hl7.org/fhir/StructureDefinition/valueset-caseSensitive",
            "valueBoolean": true
          }
        ],
        "system": "http://fhir.org/guides/cqf/cds4cpm/CodeSystem/mypain-questionnaire-codes",
        "code": "mpq-1011",
        "display": "How often has Weight loss or changes in your diet you have tried in the past 6 months helped you with your pain?"
      },
      {
        "extension": [
          {
            "url": "http://hl7.org/fhir/StructureDefinition/valueset-caseSensitive",
            "valueBoolean": true
          }
        ],
        "system": "http://fhir.org/guides/cqf/cds4cpm/CodeSystem/mypain-questionnaire-codes",
        "code": "mpq-1012",
        "display": "How often has Setting and reaching activity goals you have tried in the past 6 months helped you with your pain?"
      },
      {
        "extension": [
          {
            "url": "http://hl7.org/fhir/StructureDefinition/valueset-caseSensitive",
            "valueBoolean": true
          }
        ],
        "system": "http://fhir.org/guides/cqf/cds4cpm/CodeSystem/mypain-questionnaire-codes",
        "code": "mpq-1013",
        "display": "How often has Ice or heat therapy you have tried in the past 6 months helped you with your pain?"
      },
      {
        "extension": [
          {
            "url": "http://hl7.org/fhir/StructureDefinition/valueset-caseSensitive",
            "valueBoolean": true
          }
        ],
        "system": "http://fhir.org/guides/cqf/cds4cpm/CodeSystem/mypain-questionnaire-codes",
        "code": "mpq-1014",
        "display": "How often has Physical therapy you have tried in the past 6 months helped you with your pain?"
      },
      {
        "extension": [
          {
            "url": "http://hl7.org/fhir/StructureDefinition/valueset-caseSensitive",
            "valueBoolean": true
          }
        ],
        "system": "http://fhir.org/guides/cqf/cds4cpm/CodeSystem/mypain-questionnaire-codes",
        "code": "mpq-1015",
        "display": "How often has Acupuncture you have tried in the past 6 months helped you with your pain?"
      },
      {
        "extension": [
          {
            "url": "http://hl7.org/fhir/StructureDefinition/valueset-caseSensitive",
            "valueBoolean": true
          }
        ],
        "system": "http://fhir.org/guides/cqf/cds4cpm/CodeSystem/mypain-questionnaire-codes",
        "code": "mpq-1016",
        "display": "How often has Chiropractic treatment you have tried in the past 6 months helped you with your pain?"
      },
      {
        "extension": [
          {
            "url": "http://hl7.org/fhir/StructureDefinition/valueset-caseSensitive",
            "valueBoolean": true
          }
        ],
        "system": "http://fhir.org/guides/cqf/cds4cpm/CodeSystem/mypain-questionnaire-codes",
        "code": "mpq-1017",
        "display": "How often have Pain relievers (such as Advil, Aleve, Aspirin, Ibuprofen, Motrin, Tylenol) you can buy without a prescription from your doctor that you have used in the last 6 months helped with your pain?"
      },
      {
        "extension": [
          {
            "url": "http://hl7.org/fhir/StructureDefinition/valueset-caseSensitive",
            "valueBoolean": true
          }
        ],
        "system": "http://fhir.org/guides/cqf/cds4cpm/CodeSystem/mypain-questionnaire-codes",
        "code": "mpq-1018",
        "display": "How often have Herbal or nutritional pain relievers (such as ginseng or kava kava) that you have used in the last 6 months helped with your pain?"
      },
      {
        "extension": [
          {
            "url": "http://hl7.org/fhir/StructureDefinition/valueset-caseSensitive",
            "valueBoolean": true
          }
        ],
        "system": "http://fhir.org/guides/cqf/cds4cpm/CodeSystem/mypain-questionnaire-codes",
        "code": "mpq-1019",
        "display": "How often have Cremes, lotions, gels or patches applied to the skin (for example Bengay, Tiger Balm or BioFreeze) that you have used in the last 6 months helped with your pain?"
      },
      {
        "extension": [
          {
            "url": "http://hl7.org/fhir/StructureDefinition/valueset-caseSensitive",
            "valueBoolean": true
          }
        ],
        "system": "http://fhir.org/guides/cqf/cds4cpm/CodeSystem/mypain-questionnaire-codes",
        "code": "mpq-1020",
        "display": "How often have prescription Opioid medications (such as hydrocodone, oxycodone, codeine, morphine and fentanyl) helped with your pain in the last 6 months?"
      },
      {
        "extension": [
          {
            "url": "http://hl7.org/fhir/StructureDefinition/valueset-caseSensitive",
            "valueBoolean": true
          }
        ],
        "system": "http://fhir.org/guides/cqf/cds4cpm/CodeSystem/mypain-questionnaire-codes",
        "code": "mpq-1021",
        "display": "How often have prescription Cortisone injections (a shot to relieve inflammation) helped with your pain in the last 6 months?"
      },
      {
        "extension": [
          {
            "url": "http://hl7.org/fhir/StructureDefinition/valueset-caseSensitive",
            "valueBoolean": true
          }
        ],
        "system": "http://fhir.org/guides/cqf/cds4cpm/CodeSystem/mypain-questionnaire-codes",
        "code": "mpq-1022",
        "display": "How often have prescription Non-opioid medications as prescribed by a doctor (such as Celebrex, Cymbalta) helped with your pain in the last 6 months?"
      },
      {
        "extension": [
          {
            "url": "http://hl7.org/fhir/StructureDefinition/valueset-caseSensitive",
            "valueBoolean": true
          }
        ],
        "system": "http://fhir.org/guides/cqf/cds4cpm/CodeSystem/mypain-questionnaire-codes",
        "code": "mpq-1023",
        "display": "How often has Yoga helped with your pain in the last 6 months?"
      },
      {
        "extension": [
          {
            "url": "http://hl7.org/fhir/StructureDefinition/valueset-caseSensitive",
            "valueBoolean": true
          }
        ],
        "system": "http://fhir.org/guides/cqf/cds4cpm/CodeSystem/mypain-questionnaire-codes",
        "code": "mpq-1024",
        "display": "How often has Massage helped with your pain in the last 6 months?"
      },
      {
        "extension": [
          {
            "url": "http://hl7.org/fhir/StructureDefinition/valueset-caseSensitive",
            "valueBoolean": true
          }
        ],
        "system": "http://fhir.org/guides/cqf/cds4cpm/CodeSystem/mypain-questionnaire-codes",
        "code": "mpq-1025",
        "display": "How often has Meditation helped with your pain in the last 6 months?"
      },
      {
        "extension": [
          {
            "url": "http://hl7.org/fhir/StructureDefinition/valueset-caseSensitive",
            "valueBoolean": true
          }
        ],
        "system": "http://fhir.org/guides/cqf/cds4cpm/CodeSystem/mypain-questionnaire-codes",
        "code": "mpq-1026",
        "display": "How often has Relaxation or mindfulness-based training helped with your pain in the last 6 months?"
      },
      {
        "extension": [
          {
            "url": "http://hl7.org/fhir/StructureDefinition/valueset-caseSensitive",
            "valueBoolean": true
          }
        ],
        "system": "http://fhir.org/guides/cqf/cds4cpm/CodeSystem/mypain-questionnaire-codes",
        "code": "mpq-1027",
        "display": "How often has Group or individual therapy for pain helped with your pain in the last 6 months?"
      },
      {
        "extension": [
          {
            "url": "http://hl7.org/fhir/StructureDefinition/valueset-caseSensitive",
            "valueBoolean": true
          }
        ],
        "system": "http://fhir.org/guides/cqf/cds4cpm/CodeSystem/mypain-questionnaire-codes",
        "code": "mpq-1028",
        "display": "How often has Acceptance and commitment therapy helped with your pain in the last 6 months?"
      },
      {
        "extension": [
          {
            "url": "http://hl7.org/fhir/StructureDefinition/valueset-caseSensitive",
            "valueBoolean": true
          }
        ],
        "system": "http://fhir.org/guides/cqf/cds4cpm/CodeSystem/mypain-questionnaire-codes",
        "code": "mpq-1029",
        "display": "How often has Sleep management (such as a sleep study or CPAP) helped with your pain in the last 6 months?"
      },
      {
        "extension": [
          {
            "url": "http://hl7.org/fhir/StructureDefinition/valueset-caseSensitive",
            "valueBoolean": true
          }
        ],
        "system": "http://fhir.org/guides/cqf/cds4cpm/CodeSystem/mypain-questionnaire-codes",
        "code": "mpq-1030",
        "display": "How often has Aromatherapy helped with your pain in the last 6 months?"
      },
      {
        "extension": [
          {
            "url": "http://hl7.org/fhir/StructureDefinition/valueset-caseSensitive",
            "valueBoolean": true
          }
        ],
        "system": "http://fhir.org/guides/cqf/cds4cpm/CodeSystem/mypain-questionnaire-codes",
        "code": "mpq-1031",
        "display": "How often have Crystals helped with your pain in the last 6 months?"
      },
      {
        "extension": [
          {
            "url": "http://hl7.org/fhir/StructureDefinition/valueset-caseSensitive",
            "valueBoolean": true
          }
        ],
        "system": "http://fhir.org/guides/cqf/cds4cpm/CodeSystem/mypain-questionnaire-codes",
        "code": "mpq-1032",
        "display": "How often have Essential oils helped with your pain in the last 6 months?"
      },
      {
        "extension": [
          {
            "url": "http://hl7.org/fhir/StructureDefinition/valueset-caseSensitive",
            "valueBoolean": true
          }
        ],
        "system": "http://fhir.org/guides/cqf/cds4cpm/CodeSystem/mypain-questionnaire-codes",
        "code": "mpq-1033",
        "display": "How often has Music therapy helped with your pain in the last 6 months?"
      },
      {
        "extension": [
          {
            "url": "http://hl7.org/fhir/StructureDefinition/valueset-caseSensitive",
            "valueBoolean": true
          }
        ],
        "system": "http://fhir.org/guides/cqf/cds4cpm/CodeSystem/mypain-questionnaire-codes",
        "code": "mpq-1034",
        "display": "Have you tried any Other new treatments to help with your pain in the last 6 months? Please describe"
      },
      {
        "extension": [
          {
            "url": "http://hl7.org/fhir/StructureDefinition/valueset-caseSensitive",
            "valueBoolean": true
          }
        ],
        "system": "http://fhir.org/guides/cqf/cds4cpm/CodeSystem/mypain-questionnaire-codes",
        "code": "mpq-1035",
        "display": "What are your most important activity goals? For example: I’d like to be able to walk without pain."
      },
      {
        "extension": [
          {
            "url": "http://hl7.org/fhir/StructureDefinition/valueset-caseSensitive",
            "valueBoolean": true
          }
        ],
        "system": "http://fhir.org/guides/cqf/cds4cpm/CodeSystem/mypain-questionnaire-codes",
        "code": "mpq-1036",
        "display": "What are the biggest barriers to achieving your activity goals? For example: I have a lot of stress from work which makes my pain worse."
      },
      {
        "extension": [
          {
            "url": "http://hl7.org/fhir/StructureDefinition/valueset-caseSensitive",
            "valueBoolean": true
          }
        ],
        "system": "http://fhir.org/guides/cqf/cds4cpm/CodeSystem/mypain-questionnaire-codes",
        "code": "mpq-1037",
        "display": "DEPRECATED"
      },
      {
        "extension": [
          {
            "url": "http://hl7.org/fhir/StructureDefinition/valueset-caseSensitive",
            "valueBoolean": true
          }
        ],
        "system": "http://fhir.org/guides/cqf/cds4cpm/CodeSystem/mypain-questionnaire-codes",
        "code": "mpq-1038",
        "display": "What type of HEAD pain have you had in the last 7 days?"
      },
      {
        "extension": [
          {
            "url": "http://hl7.org/fhir/StructureDefinition/valueset-caseSensitive",
            "valueBoolean": true
          }
        ],
        "system": "http://fhir.org/guides/cqf/cds4cpm/CodeSystem/mypain-questionnaire-codes",
        "code": "mpq-1039",
        "display": "What type of NECK pain have you had in the last 7 days?"
      },
      {
        "extension": [
          {
            "url": "http://hl7.org/fhir/StructureDefinition/valueset-caseSensitive",
            "valueBoolean": true
          }
        ],
        "system": "http://fhir.org/guides/cqf/cds4cpm/CodeSystem/mypain-questionnaire-codes",
        "code": "mpq-1040",
        "display": "What type of SHOULDERS pain have you had in the last 7 days?"
      },
      {
        "extension": [
          {
            "url": "http://hl7.org/fhir/StructureDefinition/valueset-caseSensitive",
            "valueBoolean": true
          }
        ],
        "system": "http://fhir.org/guides/cqf/cds4cpm/CodeSystem/mypain-questionnaire-codes",
        "code": "mpq-1041",
        "display": "What type of ARMS pain have you had in the last 7 days?"
      },
      {
        "extension": [
          {
            "url": "http://hl7.org/fhir/StructureDefinition/valueset-caseSensitive",
            "valueBoolean": true
          }
        ],
        "system": "http://fhir.org/guides/cqf/cds4cpm/CodeSystem/mypain-questionnaire-codes",
        "code": "mpq-1042",
        "display": "What type of UPPER BACK pain have you had in the last 7 days?"
      },
      {
        "extension": [
          {
            "url": "http://hl7.org/fhir/StructureDefinition/valueset-caseSensitive",
            "valueBoolean": true
          }
        ],
        "system": "http://fhir.org/guides/cqf/cds4cpm/CodeSystem/mypain-questionnaire-codes",
        "code": "mpq-1043",
        "display": "What type of LOWER BACK pain have you had in the last 7 days?"
      },
      {
        "extension": [
          {
            "url": "http://hl7.org/fhir/StructureDefinition/valueset-caseSensitive",
            "valueBoolean": true
          }
        ],
        "system": "http://fhir.org/guides/cqf/cds4cpm/CodeSystem/mypain-questionnaire-codes",
        "code": "mpq-1044",
        "display": "What type of HANDS pain have you had in the last 7 days?"
      },
      {
        "extension": [
          {
            "url": "http://hl7.org/fhir/StructureDefinition/valueset-caseSensitive",
            "valueBoolean": true
          }
        ],
        "system": "http://fhir.org/guides/cqf/cds4cpm/CodeSystem/mypain-questionnaire-codes",
        "code": "mpq-1045",
        "display": "What type of ABDOMEN pain have you had in the last 7 days?"
      },
      {
        "extension": [
          {
            "url": "http://hl7.org/fhir/StructureDefinition/valueset-caseSensitive",
            "valueBoolean": true
          }
        ],
        "system": "http://fhir.org/guides/cqf/cds4cpm/CodeSystem/mypain-questionnaire-codes",
        "code": "mpq-1046",
        "display": "What type of PELVIS pain have you had in the last 7 days?"
      },
      {
        "extension": [
          {
            "url": "http://hl7.org/fhir/StructureDefinition/valueset-caseSensitive",
            "valueBoolean": true
          }
        ],
        "system": "http://fhir.org/guides/cqf/cds4cpm/CodeSystem/mypain-questionnaire-codes",
        "code": "mpq-1047",
        "display": "What type of HIPS pain have you had in the last 7 days?"
      },
      {
        "extension": [
          {
            "url": "http://hl7.org/fhir/StructureDefinition/valueset-caseSensitive",
            "valueBoolean": true
          }
        ],
        "system": "http://fhir.org/guides/cqf/cds4cpm/CodeSystem/mypain-questionnaire-codes",
        "code": "mpq-1048",
        "display": "What type of UPPER LEGS pain have you had in the last 7 days?"
      },
      {
        "extension": [
          {
            "url": "http://hl7.org/fhir/StructureDefinition/valueset-caseSensitive",
            "valueBoolean": true
          }
        ],
        "system": "http://fhir.org/guides/cqf/cds4cpm/CodeSystem/mypain-questionnaire-codes",
        "code": "mpq-1049",
        "display": "What type of KNEES pain have you had in the last 7 days?"
      },
      {
        "extension": [
          {
            "url": "http://hl7.org/fhir/StructureDefinition/valueset-caseSensitive",
            "valueBoolean": true
          }
        ],
        "system": "http://fhir.org/guides/cqf/cds4cpm/CodeSystem/mypain-questionnaire-codes",
        "code": "mpq-1050",
        "display": "What type of LOWER LEGS pain have you had in the last 7 days?"
      },
      {
        "extension": [
          {
            "url": "http://hl7.org/fhir/StructureDefinition/valueset-caseSensitive",
            "valueBoolean": true
          }
        ],
        "system": "http://fhir.org/guides/cqf/cds4cpm/CodeSystem/mypain-questionnaire-codes",
        "code": "mpq-1051",
        "display": "What type of FEET pain have you had in the last 7 days?"
      },
      {
        "extension": [
          {
            "url": "http://hl7.org/fhir/StructureDefinition/valueset-caseSensitive",
            "valueBoolean": true
          }
        ],
        "system": "http://fhir.org/guides/cqf/cds4cpm/CodeSystem/mypain-questionnaire-codes",
        "code": "mpq-1052",
        "display": "What type of EVERYWHERE pain have you had in the last 7 days?"
      },
      {
        "extension": [
          {
            "url": "http://hl7.org/fhir/StructureDefinition/valueset-caseSensitive",
            "valueBoolean": true
          }
        ],
        "system": "http://fhir.org/guides/cqf/cds4cpm/CodeSystem/mypain-questionnaire-codes",
        "code": "mpq-1053",
        "display": "What OTHER pain have you had in the last 7 days? Please describe"
      },
      {
        "extension": [
          {
            "url": "http://hl7.org/fhir/StructureDefinition/valueset-caseSensitive",
            "valueBoolean": true
          }
        ],
        "system": "http://fhir.org/guides/cqf/cds4cpm/CodeSystem/mypain-questionnaire-codes",
        "code": "mpq-1054",
        "display": "How often have Other strategies or methods you have tried in the last 6 months helped with your pain? Please describe"
      },
      {
        "extension": [
          {
            "url": "http://hl7.org/fhir/StructureDefinition/valueset-caseSensitive",
            "valueBoolean": true
          }
        ],
        "system": "http://fhir.org/guides/cqf/cds4cpm/CodeSystem/mypain-questionnaire-codes",
        "code": "mpq-1055",
        "display": "Have you used any Other items you can buy without a prescription from your doctor to help with your pain in the last 6 months? Please describe"
      },
      {
        "extension": [
          {
            "url": "http://hl7.org/fhir/StructureDefinition/valueset-caseSensitive",
            "valueBoolean": true
          }
        ],
        "system": "http://fhir.org/guides/cqf/cds4cpm/CodeSystem/mypain-questionnaire-codes",
        "code": "mpq-1056",
        "display": "How often has Medical marijuana helped with your pain in the last 6 months?"
      },
      {
        "extension": [
          {
            "url": "http://hl7.org/fhir/StructureDefinition/valueset-caseSensitive",
            "valueBoolean": true
          }
        ],
        "system": "http://fhir.org/guides/cqf/cds4cpm/CodeSystem/mypain-questionnaire-codes",
        "code": "mpq-1057",
        "display": "Have you used any Other prescription medications to help with your pain in the last 6 months?: Please describe"
      },
      {
        "extension": [
          {
            "url": "http://hl7.org/fhir/StructureDefinition/valueset-caseSensitive",
            "valueBoolean": true
          }
        ],
        "system": "http://fhir.org/guides/cqf/cds4cpm/CodeSystem/mypain-questionnaire-codes",
        "code": "mpq-1058",
        "display": "How often has Cognitive behavioral therapy helped with your pain in the last 6 months?"
      },
      {
        "extension": [
          {
            "url": "http://hl7.org/fhir/StructureDefinition/valueset-caseSensitive",
            "valueBoolean": true
          }
        ],
        "system": "http://fhir.org/guides/cqf/cds4cpm/CodeSystem/mypain-questionnaire-codes",
        "code": "mpq-1059",
        "display": "Have you tried any Other mind-body techniques or therapies to help with your pain in the last 6 months? Please describe"
      },
      {
        "extension": [
          {
            "url": "http://hl7.org/fhir/StructureDefinition/valueset-caseSensitive",
            "valueBoolean": true
          }
        ],
        "system": "http://fhir.org/guides/cqf/cds4cpm/CodeSystem/mypain-questionnaire-codes",
        "code": "mpq-1060",
        "display": "How often has CBD oil helped with your pain in the last 6 months?"
      },
      {
        "extension": [
          {
            "url": "http://hl7.org/fhir/StructureDefinition/valueset-caseSensitive",
            "valueBoolean": true
          }
        ],
        "system": "http://fhir.org/guides/cqf/cds4cpm/CodeSystem/mypain-questionnaire-codes",
        "code": "mpq-1061",
        "display": "Did the patient view the 4 flat tires video"
      },
      {
        "extension": [
          {
            "url": "http://hl7.org/fhir/StructureDefinition/valueset-caseSensitive",
            "valueBoolean": true
          }
        ],
        "system": "http://fhir.org/guides/cqf/cds4cpm/CodeSystem/mypain-questionnaire-codes",
        "code": "mpq-1062",
        "display": "Did the patient access the US Chronic Pain website"
      },
      {
        "extension": [
          {
            "url": "http://hl7.org/fhir/StructureDefinition/valueset-caseSensitive",
            "valueBoolean": true
          }
        ],
        "system": "http://fhir.org/guides/cqf/cds4cpm/CodeSystem/mypain-questionnaire-codes",
        "code": "mpq-1063",
        "display": "Please indicate your level of agreement with the following statement: Using the MyPAIN tool has helped me begin preparing for a conversation with my provider about managing my pain."
      },
      {
        "extension": [
          {
            "url": "http://hl7.org/fhir/StructureDefinition/valueset-caseSensitive",
            "valueBoolean": true
          }
        ],
        "system": "http://fhir.org/guides/cqf/cds4cpm/CodeSystem/mypain-questionnaire-codes",
        "code": "mpq-1064",
        "display": "Do you have any other feedback or thoughts to share on your use of MyPAIN?"
      },
      {
        "extension": [
          {
            "url": "http://hl7.org/fhir/StructureDefinition/valueset-caseSensitive",
            "valueBoolean": true
          }
        ],
        "system": "http://fhir.org/guides/cqf/cds4cpm/CodeSystem/mypain-questionnaire-codes",
        "code": "mpq-1065",
        "display": "When did the patient submit their questionnaire response?"
      },
      {
        "extension": [
          {
            "url": "http://hl7.org/fhir/StructureDefinition/valueset-caseSensitive",
            "valueBoolean": true
          }
        ],
        "system": "http://fhir.org/guides/cqf/cds4cpm/CodeSystem/mypain-questionnaire-codes",
        "code": "pain-location",
        "display": "Please describe the location(s) of any pain you have had in the past 7 days."
      },
      {
        "extension": [
          {
            "url": "http://hl7.org/fhir/StructureDefinition/valueset-caseSensitive",
            "valueBoolean": true
          }
        ],
        "system": "http://fhir.org/guides/cqf/cds4cpm/CodeSystem/mypain-questionnaire-codes",
        "code": "my-pain-intensity",
        "display": "Thinking about your overall pain, in the past 7 days, please respond to the questions below:"
      },
      {
        "extension": [
          {
            "url": "http://hl7.org/fhir/StructureDefinition/valueset-caseSensitive",
            "valueBoolean": true
          }
        ],
        "system": "http://fhir.org/guides/cqf/cds4cpm/CodeSystem/mypain-questionnaire-codes",
        "code": "my-pain-interference",
        "display": "Thinking about your overall pain, in the past 7 days, please respond to the questions below:"
      },
      {
        "extension": [
          {
            "url": "http://hl7.org/fhir/StructureDefinition/valueset-caseSensitive",
            "valueBoolean": true
          }
        ],
        "system": "http://fhir.org/guides/cqf/cds4cpm/CodeSystem/mypain-questionnaire-codes",
        "code": "about-my-treatments",
        "display": "My Treatments Questionnaire Grouping Code"
      },
      {
        "extension": [
          {
            "url": "http://hl7.org/fhir/StructureDefinition/valueset-caseSensitive",
            "valueBoolean": true
          }
        ],
        "system": "http://fhir.org/guides/cqf/cds4cpm/CodeSystem/mypain-questionnaire-codes",
        "code": "about-my-goals",
        "display": "We'd like to know more about you and your goals"
      },
      {
        "extension": [
          {
            "url": "http://hl7.org/fhir/StructureDefinition/valueset-caseSensitive",
            "valueBoolean": true
          }
        ],
        "system": "http://fhir.org/guides/cqf/cds4cpm/CodeSystem/mypain-questionnaire-codes",
        "code": "mypain-feedback",
        "display": "Feedback on your use of MyPAIN"
      }
    ]
  }
}
