{
  "resourceType": "CapabilityStatement",
  "id": "painmanager-client",
  "name": "PainManagerClient",
  "title": "Pain Manager Client Capability Statement",
  "status": "active",
  "experimental": false,
  "description": "Describes the capabilities a FHIR client will use to implement the functionality of the PainManager application",
  "kind": "requirements",
  "fhirVersion": "4.0.1",
  "format": [ "application/fhir+xml", "application/fhir+json" ],
  "implementationGuide": [ "http://fhir.org/guides/cqf/cds4cpm/ImplementationGuide/cqf.fhir.cds4cpm" ],
  "rest": [
    {
      "mode": "client",
      "resource": [
        {
          "type": "Patient",
          "profile": "http://hl7.org/fhir/us/core/StructureDefinition/us-core-patient",
          "interaction": [
            {
              "extension": [
                {
                  "url": "http://hl7.org/fhir/StructureDefinition/capabilitystatement-expectation",
                  "valueCode": "SHALL"
                }
              ],
              "code": "read"
            }
          ]
        },
        {
          "type": "Practitioner",
          "profile": "http://hl7.org/fhir/us/core/StructureDefinition/us-core-practitioner",
          "interaction": [
            {
              "extension": [
                {
                  "url": "http://hl7.org/fhir/StructureDefinition/capabilitystatement-expectation",
                  "valueCode": "SHALL"
                }
              ],
              "code": "read"
            }
          ]
        },
        {
          "type": "Observation",
          "supportedProfile": [
            "http://hl7.org/fhir/us/core/StructureDefinition/us-core-observation-lab",
            "http://fhir.org/guides/cqf/cds4cpm/StructureDefinition/cds4cpm-assessment"
          ],
          "interaction": [
            {
              "extension": [
                {
                  "url": "http://hl7.org/fhir/StructureDefinition/capabilitystatement-expectation",
                  "valueCode": "SHALL"
                }
              ],
              "code": "read"
            },
            {
              "extension": [
                {
                  "url": "http://hl7.org/fhir/StructureDefinition/capabilitystatement-expectation",
                  "valueCode": "SHALL"
                }
              ],
              "code": "search-type"
            }
          ],
          "searchParam": [
            {
              "extension": [
                {
                  "url": "http://hl7.org/fhir/StructureDefinition/capabilitystatement-expectation",
                  "valueCode": "SHALL"
                }
              ],
              "name": "patient",
              "type": "reference"
            },
            {
              "extension": [
                {
                  "url": "http://hl7.org/fhir/StructureDefinition/capabilitystatement-expectation",
                  "valueCode": "SHALL"
                }
              ],
              "name": "category",
              "type": "token"
            },
            {
              "extension": [
                {
                  "url": "http://hl7.org/fhir/StructureDefinition/capabilitystatement-expectation",
                  "valueCode": "SHALL"
                }
              ],
              "name": "code",
              "type": "token"
            },
            {
              "extension": [
                {
                  "url": "http://hl7.org/fhir/StructureDefinition/capabilitystatement-expectation",
                  "valueCode": "SHALL"
                }
              ],
              "name": "status",
              "type": "token"
            },
            {
              "extension": [
                {
                  "url": "http://hl7.org/fhir/StructureDefinition/capabilitystatement-expectation",
                  "valueCode": "SHALL"
                }
              ],
              "name": "date",
              "type": "date"
            }
          ]
        },
        {
          "type": "Condition",
          "profile": "http://hl7.org/fhir/us/core/StructureDefinition/us-core-condition",
          "interaction": [
            {
              "extension": [
                {
                  "url": "http://hl7.org/fhir/StructureDefinition/capabilitystatement-expectation",
                  "valueCode": "SHALL"
                }
              ],
              "code": "read"
            },
            {
              "extension": [
                {
                  "url": "http://hl7.org/fhir/StructureDefinition/capabilitystatement-expectation",
                  "valueCode": "SHALL"
                }
              ],
              "code": "search-type"
            }
          ],
          "searchParam": [
            {
              "extension": [
                {
                  "url": "http://hl7.org/fhir/StructureDefinition/capabilitystatement-expectation",
                  "valueCode": "SHALL"
                }
              ],
              "name": "patient",
              "type": "reference"
            },
            {
              "extension": [
                {
                  "url": "http://hl7.org/fhir/StructureDefinition/capabilitystatement-expectation",
                  "valueCode": "SHALL"
                }
              ],
              "name": "category",
              "type": "token"
            },
            {
              "extension": [
                {
                  "url": "http://hl7.org/fhir/StructureDefinition/capabilitystatement-expectation",
                  "valueCode": "SHALL"
                }
              ],
              "name": "clinical-status",
              "type": "token"
            },
            {
              "extension": [
                {
                  "url": "http://hl7.org/fhir/StructureDefinition/capabilitystatement-expectation",
                  "valueCode": "SHALL"
                }
              ],
              "name": "onset-date",
              "type": "date"
            }
          ]
        },
        {
          "type": "Encounter",
          "profile": "http://hl7.org/fhir/us/core/StructureDefinition/us-core-encounter",
          "interaction": [
            {
              "extension": [
                {
                  "url": "http://hl7.org/fhir/StructureDefinition/capabilitystatement-expectation",
                  "valueCode": "SHOULD"
                }
              ],
              "code": "read"
            },
            {
              "extension": [
                {
                  "url": "http://hl7.org/fhir/StructureDefinition/capabilitystatement-expectation",
                  "valueCode": "SHOULD"
                }
              ],
              "code": "search-type"
            }
          ],
          "searchParam": [
            {
              "extension": [
                {
                  "url": "http://hl7.org/fhir/StructureDefinition/capabilitystatement-expectation",
                  "valueCode": "SHALL"
                }
              ],
              "name": "patient",
              "type": "reference"
            },
            {
              "extension": [
                {
                  "url": "http://hl7.org/fhir/StructureDefinition/capabilitystatement-expectation",
                  "valueCode": "SHALL"
                }
              ],
              "name": "status",
              "type": "token"
            }
          ]
        },
        {
          "type": "MedicationRequest",
          "profile": "http://hl7.org/fhir/us/core/StructureDefinition/us-core-medicationrequest",
          "supportedProfile": [ "http://fhir.org/guides/cdc/opioid-cds/StructureDefinition/cdc-medicationrequest" ],
          "interaction": [
            {
              "extension": [
                {
                  "url": "http://hl7.org/fhir/StructureDefinition/capabilitystatement-expectation",
                  "valueCode": "SHALL"
                }
              ],
              "code": "read"
            },
            {
              "extension": [
                {
                  "url": "http://hl7.org/fhir/StructureDefinition/capabilitystatement-expectation",
                  "valueCode": "SHALL"
                }
              ],
              "code": "search-type"
            }
          ],
          "searchParam": [
            {
              "extension": [
                {
                  "url": "http://hl7.org/fhir/StructureDefinition/capabilitystatement-expectation",
                  "valueCode": "SHALL"
                }
              ],
              "name": "patient",
              "type": "reference"
            },
            {
              "extension": [
                {
                  "url": "http://hl7.org/fhir/StructureDefinition/capabilitystatement-expectation",
                  "valueCode": "SHALL"
                }
              ],
              "name": "status",
              "type": "token"
            }
          ]
        },
        {
          "type": "Procedure",
          "profile": "http://hl7.org/fhir/us/core/StructureDefinition/us-core-procedure",
          "interaction": [
            {
              "extension": [
                {
                  "url": "http://hl7.org/fhir/StructureDefinition/capabilitystatement-expectation",
                  "valueCode": "SHOULD"
                }
              ],
              "code": "read"
            },
            {
              "extension": [
                {
                  "url": "http://hl7.org/fhir/StructureDefinition/capabilitystatement-expectation",
                  "valueCode": "SHOULD"
                }
              ],
              "code": "search-type"
            }
          ],
          "searchParam": [
            {
              "extension": [
                {
                  "url": "http://hl7.org/fhir/StructureDefinition/capabilitystatement-expectation",
                  "valueCode": "SHOULD"
                }
              ],
              "name": "patient",
              "type": "reference"
            },
            {
              "extension": [
                {
                  "url": "http://hl7.org/fhir/StructureDefinition/capabilitystatement-expectation",
                  "valueCode": "SHOULD"
                }
              ],
              "name": "code",
              "type": "token"
            }
          ]
        },
        {
          "type": "ServiceRequest",
          "interaction": [
            {
              "extension": [
                {
                  "url": "http://hl7.org/fhir/StructureDefinition/capabilitystatement-expectation",
                  "valueCode": "MAY"
                }
              ],
              "code": "read"
            },
            {
              "extension": [
                {
                  "url": "http://hl7.org/fhir/StructureDefinition/capabilitystatement-expectation",
                  "valueCode": "MAY"
                }
              ],
              "code": "search-type"
            }
          ],
          "searchParam": [
            {
              "extension": [
                {
                  "url": "http://hl7.org/fhir/StructureDefinition/capabilitystatement-expectation",
                  "valueCode": "MAY"
                }
              ],
              "name": "patient",
              "type": "reference"
            },
            {
              "extension": [
                {
                  "url": "http://hl7.org/fhir/StructureDefinition/capabilitystatement-expectation",
                  "valueCode": "MAY"
                }
              ],
              "name": "code",
              "type": "token"
            }
          ]
        },
        {
          "type": "PractitionerRole",
          "interaction": [
            {
              "extension": [
                {
                  "url": "http://hl7.org/fhir/StructureDefinition/capabilitystatement-expectation",
                  "valueCode": "MAY"
                }
              ],
              "code": "read"
            }
          ]
        }
      ]
    }
  ]
}
